gridx,gridy,lat,lon,TS_K,TS_C,RLA_Wm2,T_K,T_C,U_ms,V_ms,WS_ms,QW,QI,ACLC,PRECIP
54,43,47.31,15.33,275.37,2.22,15.33,205.37,-67.78,,,0.24,0.0,0.0,,
55,43,47.32,15.98,276.13,2.98,15.98,205.36,-67.79,,,0.26,0.0,0.0,,
43,44,47.34,8.17,282.03,8.88,8.17,206.61,-66.54,,,0.29,0.0,0.0,,
44,44,47.39,8.82,283.57,10.42,8.82,206.33,-66.82,,,0.41,0.0,0.0,,
45,44,47.45,9.46,282.1,8.95,9.46,206.19,-66.96,,,0.5,0.0,0.0,,
46,44,47.5,10.11,278.86,5.71,10.11,205.98,-67.17,,,0.55,0.0,0.0,,
47,44,47.54,10.76,273.57,0.42,10.76,205.44,-67.71,,,0.56,0.0,0.0,,
48,44,47.58,11.4,277.62,4.47,11.4,204.78,-68.37,,,0.54,0.0,0.0,,
49,44,47.62,12.05,278.1,4.95,12.05,204.45,-68.7,,,0.49,0.0,0.0,,
50,44,47.65,12.7,276.39,3.24,12.7,204.49,-68.66,,,0.52,0.0,0.0,,
51,44,47.68,13.35,277.47,4.32,13.35,204.7,-68.45,,,0.48,0.0,0.0,,
52,44,47.71,14.01,273.38,0.23,14.01,204.94,-68.21,,,0.46,0.0,0.0,,
53,44,47.73,14.66,276.86,3.71,14.66,205.13,-68.02,,,0.36,0.0,0.0,,
54,44,47.75,15.31,273.16,0.01,15.31,205.19,-67.96,,,0.28,0.0,0.0,,
55,44,47.76,15.96,276.29,3.14,15.96,205.13,-68.02,,,0.19,0.0,0.0,,
39,45,47.51,5.51,282.82,9.67,5.51,207.5,-65.65,,,0.29,0.0,0.0,,
40,45,47.58,6.15,279.81,6.66,6.15,207.27,-65.88,,,0.42,0.0,0.0,,
41,45,47.65,6.79,276.85,3.7,6.79,206.93,-66.22,,,0.33,0.0,0.0,,
42,45,47.71,7.44,276.83,3.68,7.44,206.56,-66.59,,,0.31,0.0,0.0,,
43,45,47.77,8.09,277.12,3.97,8.09,206.2,-66.95,,,0.24,0.0,0.0,,
44,45,47.83,8.74,279.18,6.03,8.74,205.91,-67.24,,,0.26,0.0,0.0,,
45,45,47.88,9.39,279.12,5.97,9.39,205.77,-67.38,,,0.34,0.0,0.0,,
46,45,47.93,10.04,273.23,0.08,10.04,205.67,-67.48,,,0.54,0.0,0.0,,
47,45,47.98,10.69,273.16,0.01,10.69,205.35,-67.8,,,0.49,0.0,0.0,,
48,45,48.02,11.35,274.27,1.12,11.35,204.87,-68.28,,,0.37,0.0,0.0,,
49,45,48.06,12.0,273.27,0.12,12.0,204.52,-68.63,,,0.45,0.0,0.0,,
50,45,48.09,12.66,273.81,0.66,12.66,204.42,-68.73,,,0.49,0.0,0.0,,
51,45,48.12,13.31,273.64,0.49,13.31,204.52,-68.63,,,0.42,0.0,0.0,,
52,45,48.15,13.97,272.99,-0.16,13.97,204.72,-68.43,,,0.38,0.0,0.0,,
53,45,48.17,14.63,273.21,0.06,14.63,204.92,-68.23,,,0.36,0.0,0.0,,
54,45,48.19,15.29,274.32,1.17,15.29,204.98,-68.17,,,0.31,0.0,0.0,,
55,45,48.2,15.95,274.09,0.94,15.95,204.86,-68.29,,,0.26,0.0,0.0,,
40,46,48.02,6.05,278.15,5.0,6.05,206.85,-66.3,,,0.41,0.0,0.0,,
41,46,48.08,6.69,275.41,2.26,6.69,206.49,-66.66,,,0.34,0.0,0.0,,
42,46,48.15,7.35,275.39,2.24,7.35,206.13,-67.02,,,0.21,0.0,0.0,,
43,46,48.21,8.0,278.65,5.5,8.0,205.79,-67.36,,,0.29,0.0,0.0,,
44,46,48.27,8.65,276.96,3.81,8.65,205.48,-67.67,,,0.36,0.0,0.0,,
45,46,48.32,9.31,274.55,1.4,9.31,205.31,-67.84,,,0.29,0.0,0.0,,
46,46,48.37,9.97,272.8,-0.35,9.97,205.28,-67.87,,,0.26,0.0,0.0,,
47,46,48.42,10.63,271.74,-1.41,10.63,205.13,-68.02,,,0.31,0.0,0.0,,
48,46,48.46,11.29,271.2,-1.95,11.29,204.8,-68.35,,,0.31,0.0,0.0,,
49,46,48.5,11.95,271.3,-1.85,11.95,204.45,-68.7,,,0.31,0.0,0.0,,
50,46,48.53,12.61,271.23,-1.92,12.61,204.25,-68.9,,,0.29,0.0,0.0,,
51,46,48.56,13.27,269.76,-3.39,13.27,204.25,-68.9,,,0.31,0.0,0.0,,
52,46,48.59,13.93,270.11,-3.04,13.93,204.42,-68.73,,,0.27,0.0,0.0,,
53,46,48.61,14.6,272.48,-0.67,14.6,204.62,-68.53,,,0.22,0.0,0.0,,
54,46,48.63,15.26,272.22,-0.93,15.26,204.66,-68.49,,,0.26,0.0,0.0,,
55,46,48.64,15.93,270.15,-3.0,15.93,204.49,-68.66,,,0.3,0.0,0.0,,
40,47,48.45,5.94,277.29,4.14,5.94,206.46,-66.69,,,0.31,0.0,0.0,,
41,47,48.52,6.59,276.32,3.17,6.59,206.09,-67.06,,,0.28,0.0,0.0,,
42,47,48.58,7.25,274.43,1.28,7.25,205.76,-67.39,,,0.22,0.0,0.0,,
43,47,48.65,7.91,276.47,3.32,7.91,205.42,-67.73,,,0.25,0.0,0.0,,
44,47,48.7,8.57,277.07,3.92,8.57,205.09,-68.06,,,0.27,0.0,0.0,,
45,47,48.76,9.23,276.91,3.76,9.23,204.88,-68.27,,,0.26,0.0,0.0,,
46,47,48.81,9.89,272.53,-0.62,9.89,204.84,-68.31,,,0.35,0.0,0.0,,
47,47,48.85,10.56,270.69,-2.46,10.56,204.78,-68.37,,,0.28,0.0,0.0,,
48,47,48.9,11.23,270.26,-2.89,11.23,204.55,-68.6,,,0.25,0.0,0.0,,
49,47,48.93,11.89,270.79,-2.36,11.89,204.24,-68.91,,,0.24,0.0,0.0,,
50,47,48.97,12.56,271.74,-1.41,12.56,203.99,-69.16,,,0.3,0.0,0.0,,
51,47,49.0,13.23,272.31,-0.84,13.23,203.92,-69.23,,,0.24,0.0,0.0,,
52,47,49.03,13.9,272.98,-0.17,13.9,204.03,-69.12,,,0.21,0.0,0.0,,
53,47,49.05,14.57,272.92,-0.23,14.57,204.2,-68.95,,,0.34,0.0,0.0,,
54,47,49.07,15.24,271.39,-1.76,15.24,204.22,-68.93,,,0.27,0.0,0.0,,
55,47,49.08,15.91,269.16,-3.99,15.91,204.05,-69.1,,,0.28,0.0,0.0,,
40,48,48.88,5.83,277.65,4.5,5.83,206.11,-67.04,,,0.23,0.0,0.0,,
41,48,48.95,6.49,275.66,2.51,6.49,205.76,-67.39,,,0.26,0.0,0.0,,
42,48,49.02,7.15,274.4,1.25,7.15,205.43,-67.72,,,0.21,0.0,0.0,,
43,48,49.08,7.82,273.12,-0.03,7.82,205.09,-68.06,,,0.18,0.0,0.0,,
44,48,49.14,8.48,274.63,1.48,8.48,204.74,-68.41,,,0.22,0.0,0.0,,
45,48,49.2,9.15,273.95,0.8,9.15,204.5,-68.65,,,0.26,0.0,0.0,,
46,48,49.25,9.82,272.17,-0.98,9.82,204.4,-68.75,,,0.28,0.0,0.0,,
47,48,49.29,10.49,270.55,-2.6,10.49,204.32,-68.83,,,0.25,0.0,0.0,,
48,48,49.33,11.16,270.47,-2.68,11.16,204.13,-69.02,,,0.22,0.0,0.0,,
49,48,49.37,11.84,270.52,-2.63,11.84,203.88,-69.27,,,0.23,0.0,0.0,,
50,48,49.41,12.51,271.09,-2.06,12.51,203.65,-69.5,,,0.22,0.0,0.0,,
51,48,49.44,13.18,272.35,-0.8,13.18,203.55,-69.6,,,0.3,0.0,0.0,,
52,48,49.46,13.86,272.57,-0.58,13.86,203.6,-69.55,,,0.29,0.0,0.0,,
53,48,49.49,14.54,271.13,-2.02,14.54,203.73,-69.42,,,0.3,0.0,0.0,,
54,48,49.51,15.21,271.51,-1.64,15.21,203.74,-69.41,,,0.3,0.0,0.0,,
55,48,49.52,15.89,270.37,-2.78,15.89,203.58,-69.57,,,0.28,0.0,0.0,,
40,49,49.32,5.72,278.34,5.19,5.72,205.79,-67.36,,,0.23,0.0,0.0,,
41,49,49.39,6.39,276.25,3.1,6.39,205.46,-67.69,,,0.23,0.0,0.0,,
42,49,49.46,7.06,274.33,1.18,7.06,205.13,-68.02,,,0.18,0.0,0.0,,
43,49,49.52,7.73,272.94,-0.21,7.73,204.79,-68.36,,,0.18,0.0,0.0,,
44,49,49.58,8.4,272.22,-0.93,8.4,204.43,-68.72,,,0.22,0.0,0.0,,
45,49,49.63,9.07,271.91,-1.24,9.07,204.13,-69.02,,,0.31,0.0,0.0,,
46,49,49.68,9.75,271.58,-1.57,9.75,203.93,-69.22,,,0.22,0.0,0.0,,
47,49,49.73,10.42,270.66,-2.49,10.42,203.76,-69.39,,,0.28,0.0,0.0,,
48,49,49.77,11.1,270.67,-2.48,11.1,203.58,-69.57,,,0.27,0.0,0.0,,
49,49,49.81,11.78,271.0,-2.15,11.78,203.4,-69.75,,,0.23,0.0,0.0,,
50,49,49.85,12.46,271.26,-1.89,12.46,203.25,-69.9,,,0.22,0.0,0.0,,
51,49,49.88,13.14,271.72,-1.43,13.14,203.15,-70.0,,,0.24,0.0,0.0,,
52,49,49.9,13.82,271.37,-1.78,13.82,203.18,-69.97,,,0.25,0.0,0.0,,
53,49,49.93,14.5,270.79,-2.36,14.5,203.27,-69.88,,,0.27,0.0,0.0,,
54,49,49.95,15.19,270.89,-2.26,15.19,203.27,-69.88,,,0.31,0.0,0.0,,
55,49,49.96,15.87,271.24,-1.91,15.87,203.14,-70.01,,,0.34,0.0,0.0,,
40,50,49.75,5.61,278.74,5.59,5.61,205.49,-67.66,,,0.24,0.0,0.0,,
41,50,49.82,6.28,277.23,4.08,6.28,205.17,-67.98,,,0.24,0.0,0.0,,
42,50,49.89,6.95,275.15,2.0,6.95,204.85,-68.3,,,0.22,0.0,0.0,,
43,50,49.95,7.63,273.21,0.06,7.63,204.51,-68.64,,,0.2,0.0,0.0,,
44,50,50.01,8.31,272.14,-1.01,8.31,204.12,-69.03,,,0.18,0.0,0.0,,
45,50,50.07,8.99,272.04,-1.11,8.99,203.75,-69.4,,,0.23,0.0,0.0,,
46,50,50.12,9.67,271.04,-2.11,9.67,203.45,-69.7,,,0.23,0.0,0.0,,
47,50,50.17,10.35,270.87,-2.28,10.35,203.21,-69.94,,,0.24,0.0,0.0,,
48,50,50.21,11.04,271.25,-1.9,11.04,203.04,-70.11,,,0.24,0.0,0.0,,
49,50,50.25,11.72,271.72,-1.43,11.72,202.93,-70.22,,,0.26,0.0,0.0,,
50,50,50.29,12.41,272.36,-0.79,12.41,202.85,-70.3,,,0.28,0.0,0.0,,
51,50,50.32,13.09,272.37,-0.78,13.09,202.78,-70.37,,,0.27,0.0,0.0,,
52,50,50.34,13.78,271.34,-1.81,13.78,202.79,-70.36,,,0.27,0.0,0.0,,
53,50,50.37,14.47,270.13,-3.02,14.47,202.86,-70.29,,,0.26,0.0,0.0,,
54,50,50.39,15.16,270.15,-3.0,15.16,202.87,-70.28,,,0.29,0.0,0.0,,
55,50,50.4,15.85,270.62,-2.53,15.85,202.76,-70.39,,,0.3,0.0,0.0,,
41,51,50.26,6.17,277.95,4.8,6.17,204.87,-68.28,,,0.29,0.0,0.0,,
42,51,50.33,6.85,276.75,3.6,6.85,204.55,-68.6,,,0.22,0.0,0.0,,
43,51,50.39,7.54,275.07,1.92,7.54,204.21,-68.94,,,0.2,0.0,0.0,,
44,51,50.45,8.22,272.53,-0.62,8.22,203.81,-69.34,,,0.2,0.0,0.0,,
45,51,50.51,8.91,271.87,-1.28,8.91,203.42,-69.73,,,0.25,0.0,0.0,,
46,51,50.56,9.59,271.77,-1.38,9.59,203.1,-70.05,,,0.24,0.0,0.0,,
47,51,50.61,10.28,271.83,-1.32,10.28,202.86,-70.29,,,0.23,0.0,0.0,,
48,51,50.65,10.97,272.34,-0.81,10.97,202.72,-70.43,,,0.21,0.0,0.0,,
49,51,50.69,11.66,273.72,0.57,11.66,202.65,-70.5,,,0.27,0.0,0.0,,
50,51,50.72,12.36,274.12,0.97,12.36,202.57,-70.58,,,0.34,0.0,0.0,,
51,51,50.76,13.05,273.06,-0.09,13.05,202.49,-70.66,,,0.3,0.0,0.0,,
52,51,50.78,13.74,271.85,-1.3,13.74,202.49,-70.66,,,0.32,0.0,0.0,,
53,51,50.81,14.44,271.44,-1.71,14.44,202.55,-70.6,,,0.25,0.0,0.0,,
54,51,50.83,15.13,271.52,-1.63,15.13,202.54,-70.61,,,0.29,0.0,0.0,,
55,51,50.84,15.83,272.66,-0.49,15.83,202.44,-70.71,,,0.29,0.0,0.0,,
41,52,50.69,6.06,279.98,6.83,6.06,204.52,-68.63,,,0.26,0.0,0.0,,
42,52,50.76,6.75,279.28,6.13,6.75,204.18,-68.97,,,0.23,0.0,0.0,,
43,52,50.83,7.44,276.89,3.74,7.44,203.84,-69.31,,,0.28,0.0,0.0,,
44,52,50.89,8.13,273.93,0.78,8.13,203.47,-69.68,,,0.26,0.0,0.0,,
45,52,50.94,8.82,272.73,-0.42,8.82,203.14,-70.01,,,0.23,0.0,0.0,,
46,52,50.99,9.51,272.92,-0.23,9.51,202.91,-70.24,,,0.24,0.0,0.0,,
47,52,51.04,10.21,273.11,-0.04,10.21,202.76,-70.39,,,0.23,0.0,0.0,,
48,52,51.09,10.91,273.99,0.84,10.91,202.66,-70.49,,,0.26,0.0,0.0,,
49,52,51.13,11.6,273.86,0.71,11.6,202.55,-70.6,,,0.28,0.0,0.0,,
50,52,51.16,12.3,273.77,0.62,12.3,202.4,-70.75,,,0.3,0.0,0.0,,
51,52,51.19,13.0,272.95,-0.2,13.0,202.26,-70.89,,,0.33,0.0,0.0,,
52,52,51.22,13.7,272.8,-0.35,13.7,202.23,-70.92,,,0.3,0.0,0.0,,
53,52,51.25,14.4,272.75,-0.4,14.4,202.28,-70.87,,,0.36,0.0,0.0,,
54,52,51.26,15.11,272.99,-0.16,15.11,202.26,-70.89,,,0.28,0.0,0.0,,
55,52,51.28,15.81,273.72,0.57,15.81,202.15,-71.0,,,0.32,0.0,0.0,,
41,53,51.13,5.95,280.59,7.44,5.95,204.08,-69.07,,,0.28,0.0,0.0,,
42,53,51.2,6.64,279.72,6.57,6.64,203.72,-69.43,,,0.25,0.0,0.0,,
43,53,51.26,7.34,278.28,5.13,7.34,203.4,-69.75,,,0.27,0.0,0.0,,
44,53,51.32,8.03,277.15,4.0,8.03,203.11,-70.04,,,0.3,0.0,0.0,,
45,53,51.38,8.73,275.09,1.94,8.73,202.9,-70.25,,,0.27,0.0,0.0,,
46,53,51.43,9.43,274.48,1.33,9.43,202.79,-70.36,,,0.22,0.0,0.0,,
47,53,51.48,10.13,273.83,0.68,10.13,202.72,-70.43,,,0.27,0.0,0.0,,
48,53,51.52,10.84,273.82,0.67,10.84,202.62,-70.53,,,0.26,0.0,0.0,,
49,53,51.57,11.54,273.88,0.73,11.54,202.42,-70.73,,,0.25,0.0,0.0,,
50,53,51.6,12.25,272.8,-0.35,12.25,202.16,-70.99,,,0.28,0.0,0.0,,
51,53,51.63,12.95,271.7,-1.45,12.95,201.96,-71.19,,,0.32,0.0,0.0,,
52,53,51.66,13.66,271.43,-1.72,13.66,201.92,-71.23,,,0.35,0.0,0.0,,
53,53,51.68,14.37,272.4,-0.75,14.37,201.97,-71.18,,,0.31,0.0,0.0,,
54,53,51.7,15.08,272.1,-1.05,15.08,201.97,-71.18,,,0.28,0.0,0.0,,
55,53,51.72,15.79,271.99,-1.16,15.79,201.86,-71.29,,,0.29,0.0,0.0,,
41,54,51.56,5.84,279.14,5.99,5.84,203.55,-69.6,,,0.31,0.0,0.0,,
42,54,51.63,6.53,278.88,5.73,6.53,203.18,-69.97,,,0.25,0.0,0.0,,
43,54,51.7,7.24,278.7,5.55,7.24,202.9,-70.25,,,0.21,0.0,0.0,,
44,54,51.76,7.94,278.25,5.1,7.94,202.7,-70.45,,,0.29,0.0,0.0,,
45,54,51.82,8.64,276.9,3.75,8.64,202.6,-70.55,,,0.28,0.0,0.0,,
46,54,51.87,9.35,275.49,2.34,9.35,202.58,-70.57,,,0.24,0.0,0.0,,
47,54,51.92,10.06,275.4,2.25,10.06,202.55,-70.6,,,0.26,0.0,0.0,,
48,54,51.96,10.77,275.35,2.2,10.77,202.42,-70.73,,,0.29,0.0,0.0,,
49,54,52.0,11.48,273.8,0.65,11.48,202.14,-71.01,,,0.27,0.0,0.0,,
50,54,52.04,12.19,271.96,-1.19,12.19,201.8,-71.35,,,0.28,0.0,0.0,,
51,54,52.07,12.91,271.04,-2.11,12.91,201.57,-71.58,,,0.29,0.0,0.0,,
52,54,52.1,13.62,271.04,-2.11,13.62,201.53,-71.62,,,0.25,0.0,0.0,,
53,54,52.12,14.33,271.4,-1.75,14.33,201.59,-71.56,,,0.29,0.0,0.0,,
54,54,52.14,15.05,271.04,-2.11,15.05,201.6,-71.55,,,0.27,0.0,0.0,,
55,54,52.16,15.77,270.78,-2.37,15.77,201.52,-71.63,,,0.28,0.0,0.0,,
41,55,51.99,5.72,278.35,5.2,5.72,202.96,-70.19,,,0.28,0.0,0.0,,
42,55,52.07,6.42,277.9,4.75,6.42,202.6,-70.55,,,0.3,0.0,0.0,,
43,55,52.13,7.13,277.16,4.01,7.13,202.36,-70.79,,,0.26,0.0,0.0,,
44,55,52.19,7.84,276.54,3.39,7.84,202.21,-70.94,,,0.26,0.0,0.0,,
45,55,52.25,8.55,276.17,3.02,8.55,202.17,-70.98,,,0.26,0.0,0.0,,
46,55,52.31,9.27,275.81,2.66,9.27,202.2,-70.95,,,0.27,0.0,0.0,,
47,55,52.36,9.98,275.29,2.14,9.98,202.21,-70.94,,,0.29,0.0,0.0,,
48,55,52.4,10.7,274.33,1.18,10.7,202.07,-71.08,,,0.28,0.0,0.0,,
49,55,52.44,11.42,272.9,-0.25,11.42,201.77,-71.38,,,0.28,0.0,0.0,,
50,55,52.48,12.14,271.8,-1.35,12.14,201.4,-71.75,,,0.26,0.0,0.0,,
51,55,52.51,12.86,271.64,-1.51,12.86,201.14,-72.01,,,0.26,0.0,0.0,,
52,55,52.54,13.58,271.11,-2.04,13.58,201.08,-72.07,,,0.24,0.0,0.0,,
53,55,52.56,14.3,270.83,-2.32,14.3,201.13,-72.02,,,0.29,0.0,0.0,,
54,55,52.58,15.02,270.63,-2.52,15.02,201.16,-71.99,,,0.28,0.0,0.0,,
55,55,52.6,15.75,270.52,-2.63,15.75,201.12,-72.03,,,0.29,0.0,0.0,,
41,56,52.43,5.6,279.29,6.14,5.6,202.36,-70.79,,,0.43,0.0,0.0,,
42,56,52.5,6.31,277.29,4.14,6.31,202.05,-71.1,,,0.32,0.0,0.0,,
43,56,52.57,7.03,276.01,2.86,7.03,201.83,-71.32,,,0.43,0.0,0.0,,
44,56,52.63,7.74,275.63,2.48,7.74,201.71,-71.44,,,0.38,0.0,0.0,,
45,56,52.69,8.46,275.25,2.1,8.46,201.69,-71.46,,,0.31,0.0,0.0,,
46,56,52.74,9.18,274.71,1.56,9.18,201.75,-71.4,,,0.32,0.0,0.0,,
47,56,52.79,9.9,273.65,0.5,9.9,201.77,-71.38,,,0.32,0.0,0.0,,
48,56,52.84,10.63,272.97,-0.18,10.63,201.64,-71.51,,,0.26,0.0,0.0,,
49,56,52.88,11.35,272.19,-0.96,11.35,201.34,-71.81,,,0.24,0.0,0.0,,
50,56,52.92,12.08,270.61,-2.54,12.08,200.97,-72.18,,,0.46,0.0,0.0,,
51,56,52.95,12.8,271.4,-1.75,12.8,200.68,-72.47,,,0.26,0.0,0.0,,
52,56,52.98,13.53,271.47,-1.68,13.53,200.58,-72.57,,,0.26,0.0,0.0,,
53,56,53.0,14.26,271.31,-1.84,14.26,200.6,-72.55,,,0.28,0.0,0.0,,
54,56,53.02,14.99,271.46,-1.69,14.99,200.67,-72.48,,,0.33,0.0,0.0,,
55,56,53.04,15.72,270.99,-2.16,15.72,200.68,-72.47,,,0.31,0.0,0.0,,
42,57,52.93,6.2,276.58,3.43,6.2,201.58,-71.57,,,0.36,0.0,0.0,,
43,57,53.0,6.92,275.18,2.03,6.92,201.36,-71.79,,,0.53,0.0,0.0,,
44,57,53.07,7.64,274.59,1.44,7.64,201.24,-71.91,,,0.48,0.0,0.0,,
45,57,53.12,8.37,274.66,1.51,8.37,201.21,-71.94,,,0.35,0.0,0.0,,
46,57,53.18,9.09,274.01,0.86,9.09,201.25,-71.9,,,0.33,0.0,0.0,,
47,57,53.23,9.82,273.21,0.06,9.82,201.27,-71.88,,,0.33,0.0,0.0,,
48,57,53.28,10.55,272.67,-0.48,10.55,201.15,-72.0,,,0.27,0.0,0.0,,
49,57,53.32,11.29,271.97,-1.18,11.29,200.87,-72.28,,,0.24,0.0,0.0,,
50,57,53.36,12.02,271.93,-1.22,12.02,200.52,-72.63,,,0.29,0.0,0.0,,
51,57,53.39,12.75,272.91,-0.24,12.75,200.23,-72.92,,,0.29,0.0,0.0,,
52,57,53.42,13.49,272.33,-0.82,13.49,200.1,-73.05,,,0.3,0.0,0.0,,
53,57,53.44,14.23,272.29,-0.86,14.23,200.12,-73.03,,,0.33,0.0,0.0,,
54,57,53.46,14.96,272.35,-0.8,14.96,200.21,-72.94,,,0.42,0.0,0.0,,
55,57,53.48,15.7,271.57,-1.58,15.7,200.25,-72.9,,,0.38,0.0,0.0,,
42,58,53.37,6.08,278.77,5.62,6.08,201.21,-71.94,,,0.42,0.0,0.0,,
43,58,53.44,6.81,278.51,5.36,6.81,200.99,-72.16,,,0.53,0.0,0.0,,
44,58,53.5,7.54,276.28,3.13,7.54,200.83,-72.32,,,0.55,0.0,0.0,,
45,58,53.56,8.27,276.95,3.8,8.27,200.76,-72.39,,,0.46,0.0,0.0,,
46,58,53.62,9.0,274.11,0.96,9.0,200.76,-72.39,,,0.42,0.0,0.0,,
47,58,53.67,9.74,273.56,0.41,9.74,200.76,-72.39,,,0.3,0.0,0.0,,
48,58,53.71,10.48,272.66,-0.49,10.48,200.66,-72.49,,,0.29,0.0,0.0,,
49,58,53.76,11.22,273.44,0.29,11.22,200.42,-72.73,,,0.3,0.0,0.0,,
50,58,53.79,11.96,272.92,-0.23,11.96,200.11,-73.04,,,0.28,0.0,0.0,,
51,58,53.83,12.7,272.57,-0.58,12.7,199.85,-73.3,,,0.34,0.0,0.0,,
52,58,53.86,13.44,272.71,-0.44,13.44,199.72,-73.43,,,0.33,0.0,0.0,,
53,58,53.88,14.19,277.86,4.71,14.19,199.74,-73.41,,,0.53,0.0,0.0,,
54,58,53.9,14.93,275.01,1.86,14.93,199.84,-73.31,,,0.5,0.0,0.0,,
55,58,53.92,15.68,272.15,-1.0,15.68,199.89,-73.26,,,0.39,0.0,0.0,,
42,59,53.8,5.96,279.51,6.36,5.96,200.87,-72.28,,,0.0,0.0,0.0,,
43,59,53.87,6.7,279.48,6.33,6.7,200.63,-72.52,,,0.0,0.0,0.0,,
44,59,53.94,7.43,279.28,6.13,7.43,200.44,-72.71,,,0.53,0.0,0.0,,
45,59,54.0,8.17,278.93,5.78,8.17,200.33,-72.82,,,0.33,0.0,0.0,,
46,59,54.05,8.91,277.21,4.06,8.91,200.29,-72.86,,,0.46,0.0,0.0,,
47,59,54.1,9.66,273.21,0.06,9.66,200.27,-72.88,,,0.35,0.0,0.0,,
48,59,54.15,10.4,273.84,0.69,10.4,200.19,-72.96,,,0.31,0.0,0.0,,
49,59,54.19,11.15,278.59,5.44,11.15,200.0,-73.15,,,0.39,0.0,0.0,,
50,59,54.23,11.9,278.11,4.96,11.9,199.76,-73.39,,,0.39,0.0,0.0,,
51,59,54.27,12.65,274.87,1.72,12.65,199.55,-73.6,,,0.46,0.0,0.0,,
52,59,54.3,13.4,276.19,3.04,13.4,199.45,-73.7,,,0.46,0.0,0.0,,
53,59,54.32,14.15,279.76,6.61,14.15,199.47,-73.68,,,0.43,0.0,0.0,,
54,59,54.34,14.9,279.78,6.63,14.9,199.53,-73.62,,,0.43,0.0,0.0,,
55,59,54.36,15.65,279.04,5.89,15.65,199.54,-73.61,,,0.41,0.0,0.0,,
42,60,54.24,5.84,279.68,6.53,5.84,200.5,-72.65,,,0.0,0.0,0.0,,
43,60,54.31,6.58,279.53,6.38,6.58,200.26,-72.89,,,0.0,0.0,0.0,,
44,60,54.37,7.33,279.36,6.21,7.33,200.06,-73.09,,,0.0,0.0,0.0,,
45,60,54.43,8.07,278.85,5.7,8.07,199.93,-73.22,,,0.56,0.0,0.0,,
46,60,54.49,8.82,277.73,4.58,8.82,199.87,-73.28,,,0.44,0.0,0.0,,
47,60,54.54,9.57,274.56,1.41,9.57,199.83,-73.32,,,0.33,0.0,0.0,,
48,60,54.59,10.32,278.81,5.66,10.32,199.76,-73.39,,,0.37,0.0,0.0,,
49,60,54.63,11.08,278.77,5.62,11.08,199.62,-73.53,,,0.4,0.0,0.0,,
50,60,54.67,11.83,278.44,5.29,11.83,199.44,-73.71,,,0.41,0.0,0.0,,
51,60,54.71,12.59,279.29,6.14,12.59,199.28,-73.87,,,0.4,0.0,0.0,,
52,60,54.74,13.35,279.2,6.05,13.35,199.19,-73.96,,,0.44,0.0,0.0,,
53,60,54.76,14.11,279.78,6.63,14.11,199.18,-73.97,,,0.0,0.0,0.0,,
54,60,54.78,14.87,279.78,6.63,14.87,199.19,-73.96,,,0.37,0.0,0.0,,
55,60,54.8,15.63,279.58,6.43,15.63,199.16,-73.99,,,0.0,0.0,0.0,,
42,61,54.67,5.71,279.94,6.79,5.71,200.09,-73.06,,,0.0,0.0,0.0,,
43,61,54.74,6.46,279.61,6.46,6.46,199.87,-73.28,,,0.0,0.0,0.0,,
44,61,54.81,7.22,279.51,6.36,7.22,199.69,-73.46,,,0.0,0.0,0.0,,
45,61,54.87,7.97,278.77,5.62,7.97,199.56,-73.59,,,0.42,0.0,0.0,,
46,61,54.93,8.73,277.68,4.53,8.73,199.48,-73.67,,,0.43,0.0,0.0,,
47,61,54.98,9.48,276.9,3.75,9.48,199.42,-73.73,,,0.32,0.0,0.0,,
48,61,55.03,10.24,278.53,5.38,10.24,199.34,-73.81,,,0.34,0.0,0.0,,
49,61,55.07,11.01,279.02,5.87,11.01,199.22,-73.93,,,0.38,0.0,0.0,,
50,61,55.11,11.77,278.48,5.33,11.77,199.07,-74.08,,,0.4,0.0,0.0,,
51,61,55.14,12.53,279.08,5.93,12.53,198.95,-74.2,,,0.43,0.0,0.0,,
52,61,55.17,13.3,279.24,6.09,13.3,198.87,-74.28,,,0.36,0.0,0.0,,
53,61,55.2,14.07,279.34,6.19,14.07,198.84,-74.31,,,0.34,0.0,0.0,,
54,61,55.22,14.84,279.23,6.08,14.84,198.81,-74.34,,,0.39,0.0,0.0,,
55,61,55.24,15.6,279.38,6.23,15.6,198.77,-74.38,,,0.0,0.0,0.0,,
42,62,55.1,5.59,280.31,7.16,5.59,199.69,-73.46,,,0.0,0.0,0.0,,
43,62,55.18,6.34,279.79,6.64,6.34,199.49,-73.66,,,0.0,0.0,0.0,,
44,62,55.24,7.1,279.84,6.69,7.1,199.33,-73.82,,,0.0,0.0,0.0,,
45,62,55.3,7.87,279.25,6.1,7.87,199.19,-73.96,,,0.26,0.0,0.0,,
46,62,55.36,8.63,278.18,5.03,8.63,199.08,-74.07,,,0.39,0.0,0.0,,
47,62,55.42,9.4,277.31,4.16,9.4,198.98,-74.17,,,0.34,0.0,0.0,,
48,62,55.46,10.16,278.29,5.14,10.16,198.87,-74.28,,,0.34,0.0,0.0,,
